num_procs,n,theta,elapsed_avg,ekin_avg,epot_avg,energy_avg
1,5000,0.5,0.983601,0.248223,-0.498215,-0.249992
2,5000,0.5,0.508569,0.248223,-0.498215,-0.249992
4,5000,0.5,0.278018,0.248223,-0.498215,-0.249992
8,5000,0.5,0.214623,0.248223,-0.498215,-0.249992
16,5000,0.5,0.145363,0.248223,-0.498215,-0.249992
1,10000,0.5,2.60523,0.248585,-0.498563,-0.249978
2,10000,0.5,1.38462,0.248585,-0.498563,-0.249978
