n,theta,elapsed_avg,ekin_avg,epot_avg,energy_avg
1000,0.1,0.052568,0.25,-0.499814,-0.250253
1000,0.3,0.038825,0.25,-0.499814,-0.250253
