num_procs,n,theta,elapsed_avg,energy_avg,work_pct_avg,overhead_pct_avg,forces_total_pct,forces_avg_imbal_avg,forces_max_imbal_avg,forces_oh_pct_avg,treebuild_total_pct,treebuild_oh_pct_avg,datasort_total_pct,datasort_oh_pct_avg
1,10000,1,0.073124,-0.249153,98.9,1.1,92.8344,0,0,0,6.84713,13.9535,0,0
2,10000,1,0.042786,-0.249153,97.76,2.24,90.2628,2.7e-05,2.7e-05,0.171233,9.11901,20.339,0,0
1,20000,1,0.182098,-0.249004,99.14,0.86,93.5529,0,0,0,6.16678,12.5,0,0
2,20000,1,0.111498,-0.249004,98.06,1.94,91.8863,0.000251,0.000251,0.226415,7.69764,20.7207,0,0
